name,datetime,temp,feelslike,dew,humidity,precip,precipprob,preciptype,snow,snowdepth,windgust,windspeed,winddir,sealevelpressure,cloudcover,visibility,solarradiation,solarenergy,uvindex,severerisk,conditions,icon,stations
Berlin,2025-05-22T00:00:00,14,14,5,54.61,0,0,,0,0,31,13,280,1007,95.1,10,0,0,0,10,Overcast,cloudy,"EDDB,E2835"
Berlin,2025-05-22T01:00:00,14,14,6,58.53,0,0,,0,0,29.9,18.4,310,1007,97.2,10,0,0,0,10,Overcast,cloudy,"EDDB,E2835"
Berlin,2025-05-22T02:00:00,12,12,5,62.24,0,0,,0,0,23.8,20.5,310,1007,100,10,0,0,0,10,Overcast,cloudy,"EDDB,E2835"
Berlin,2025-05-22T03:00:00,11,11,5,66.49,0,0,,0,0,25.2,11.2,270,1007,100,10,0,0,0,10,Overcast,cloudy,"EDDB,E2835"
Berlin,2025-05-22T04:00:00,11,11,5,66.49,0,0,,0,0,25.6,14.8,280,1007,99.7,10,0,0,0,10,Overcast,cloudy,"EDDB,E2835"
Berlin,2025-05-22T05:00:00,10,7.1,5,71.08,0,0,,0,0,28.8,22.3,290,1007,92.4,10,0,0,0,10,Overcast,cloudy,"EDDB,E2835"
Berlin,2025-05-22T06:00:00,10,7.1,4,66.28,0,0,,0,0,30.6,22.3,290,1008,25,10,17,0.1,0,10,Partially cloudy,partly-cloudy-day,"EDDB,E2835"
Berlin,2025-05-22T07:00:00,10,7.5,4,66.28,0,0,,0,0,29.2,18.4,280,1008,88,10,77,0.3,1,10,Partially cloudy,partly-cloudy-day,"EDDB,E2835"
Berlin,2025-05-22T08:00:00,10,7.5,4,66.28,0,0,,0,0,32.8,18.4,290,1008,50,10,143,0.5,1,10,Partially cloudy,partly-cloudy-day,"EDDB,E2835"
Berlin,2025-05-22T09:00:00,11,11,4,62,0,0,,0,0,34.2,20.5,280,1008,50,10,282,1,3,10,Partially cloudy,partly-cloudy-day,"EDDB,E2835"
Berlin,2025-05-22T10:00:00,13,13,4,54.35,0,0,,0,0,36.4,18.4,270,1008,50,10,305,1.1,3,10,Partially cloudy,partly-cloudy-day,"EDDB,E2835"
Berlin,2025-05-22T11:00:00,13,13,3,50.65,0,0,,0,0,40,24.1,280,1008,25,10,683,2.5,7,10,Partially cloudy,partly-cloudy-day,"EDDB,E2835"
Berlin,2025-05-22T12:00:00,14,14,2,44.2,0,0,,0,0,42.5,29.5,270,1008,25,10,435,1.6,4,10,Partially cloudy,partly-cloudy-day,"EDDB,E2835"
Berlin,2025-05-22T13:00:00,14,14,3,47.46,0,0,,0,0,43.2,25.9,280,1009,50,10,506,1.8,5,10,Partially cloudy,partly-cloudy-day,"EDDB,E2835"
Berlin,2025-05-22T14:00:00,15,15,1,38.57,0,0,,0,0,50,29.5,280,1009,81.4,10,512,1.8,5,10,Partially cloudy,partly-cloudy-day,"EDDB,E2835"
Berlin,2025-05-22T15:00:00,15,15,0,35.88,0,0,,0,0,45.4,25.9,250,1008,75.2,10,449,1.6,4,10,Partially cloudy,partly-cloudy-day,"EDDB,E2835"
Berlin,2025-05-22T16:00:00,16.2,16.2,-3.5,25.68,0,0,,0,0,46.4,18.4,271.3,1008,47.7,24.1,583,2.1,6,10,Partially cloudy,partly-cloudy-day,remote
Berlin,2025-05-22T17:00:00,16.1,16.1,-3.7,25.46,0,19.4,,0,0,46.8,18.7,277.6,1008,34.7,24.1,461,1.7,5,10,Partially cloudy,partly-cloudy-day,
Berlin,2025-05-22T18:00:00,15,15,-3.3,28.15,0,19.4,rain,0,0,47.9,18.7,281.2,1008,50.8,24.1,327,1.2,3,10,Partially cloudy,partly-cloudy-day,
Berlin,2025-05-22T19:00:00,14.1,14.1,-2.6,31.43,0,19.4,,0,0,46.1,16.6,277.3,1008,21.1,24.1,216,0.8,2,10,Partially cloudy,partly-cloudy-day,
Berlin,2025-05-22T20:00:00,13.1,13.1,-2,35.06,0,19.4,,0,0,41,15.1,278.6,1009,36.2,24.1,160,0.6,2,10,Partially cloudy,partly-cloudy-day,
Berlin,2025-05-22T21:00:00,12.1,12.1,-1.5,38.84,0,0,,0,0,36.7,11.9,281.6,1010,72.8,24.1,34,0.1,0,10,Partially cloudy,partly-cloudy-day,
Berlin,2025-05-22T22:00:00,11.2,11.2,-1.2,42.14,0,0,,0,0,29.2,11.9,290.4,1011,56.3,24.1,0,0,0,10,Partially cloudy,partly-cloudy-night,
Berlin,2025-05-22T23:00:00,9.9,8.5,-0.4,48.71,0,0,,0,0,28.8,9.7,280,1011,36.1,24.1,0,0,0,10,Partially cloudy,partly-cloudy-night,
Berlin,2025-05-23T00:00:00,8.9,7.4,0,53.64,0,0,,0,0,23,9.4,262.5,1011,0,24.1,0,0,0,10,Clear,clear-night,
Berlin,2025-05-23T01:00:00,8,6.4,0.4,58.69,0,0,,0,0,22,9,259.1,1011,0,24.1,0,0,0,10,Clear,clear-night,
Berlin,2025-05-23T02:00:00,7.2,5.5,0.5,62.43,0,0,,0,0,21.2,8.6,256.3,1011,0,24.1,0,0,0,10,Clear,clear-night,
Berlin,2025-05-23T03:00:00,6.6,4.7,0.6,65.53,0,0,,0,0,21.2,9,256.4,1012,0.9,24.1,0,0,0,10,Clear,clear-night,
Berlin,2025-05-23T04:00:00,6.1,4.1,1,69.81,0,0,,0,0,21.2,9,257.2,1012,36.3,24.1,0,0,0,10,Partially cloudy,partly-cloudy-night,
Berlin,2025-05-23T05:00:00,5.8,4,1.1,71.78,0,0,,0,0,21.2,8.3,253.3,1012,33.7,24.1,0,0,0,10,Partially cloudy,partly-cloudy-day,
Berlin,2025-05-23T06:00:00,5.9,3.9,1,70.78,0,0,,0,0,21.6,9,252.9,1012,63.7,24.1,28,0.1,0,10,Partially cloudy,partly-cloudy-day,
Berlin,2025-05-23T07:00:00,6.7,4.6,2,71.96,0,0,,0,0,25.9,10.4,252.6,1012,47.6,24.1,149,0.5,1,10,Partially cloudy,partly-cloudy-day,
Berlin,2025-05-23T08:00:00,8.1,5.6,1.6,63.55,0,0,,0,0,36,14.8,267.7,1013,52.8,24.1,304,1.1,3,10,Partially cloudy,partly-cloudy-day,
Berlin,2025-05-23T09:00:00,9.6,7.4,0.1,51.54,0,51.6,rain,0,0,36.4,14.4,272.6,1013,66.6,24.1,465,1.7,5,10,"Rain, Partially cloudy",rain,
Berlin,2025-05-23T10:00:00,10.6,10.6,-0.2,47.17,0.1,51.6,rain,0,0,37.8,15.1,266.9,1013,45.2,19.9,613,2.2,6,10,"Rain, Partially cloudy",rain,
Berlin,2025-05-23T11:00:00,11.8,11.8,-0.5,42.62,0.1,51.6,rain,0,0,40.3,15.8,262,1013,86.7,18.5,534,1.9,5,10,"Rain, Partially cloudy",rain,
Berlin,2025-05-23T12:00:00,13.1,13.1,-1.3,36.91,0,51.6,rain,0,0,40,15.8,256,1013,75.2,23.5,322,1.2,3,10,"Rain, Partially cloudy",rain,
Berlin,2025-05-23T13:00:00,13.6,13.6,-1.2,35.99,0.1,51.6,rain,0,0,42.5,16.9,244.6,1013,94.9,24.1,357,1.3,4,10,"Rain, Overcast",rain,
Berlin,2025-05-23T14:00:00,13.6,13.6,1.9,45.04,0.1,51.6,rain,0,0,43.6,14,248.9,1013,95,24.1,311,1.1,3,10,"Rain, Overcast",rain,
Berlin,2025-05-23T15:00:00,12.6,12.6,3.7,54.63,0.7,35.5,rain,0,0,44.3,15.8,251.3,1013,96.2,24.1,199,0.7,2,10,Overcast,cloudy,
Berlin,2025-05-23T16:00:00,13.1,13.1,3.2,51.04,0.1,35.5,rain,0,0,46.4,15.5,253.1,1013,81,24.1,727,2.6,7,10,Partially cloudy,partly-cloudy-day,
Berlin,2025-05-23T17:00:00,13.4,13.4,2.8,48.65,0.1,35.5,rain,0,0,43.9,14,248.9,1013,49.6,24.1,563,2,6,10,Partially cloudy,partly-cloudy-day,
Berlin,2025-05-23T18:00:00,13.4,13.4,2.2,46.62,0,35.5,,0,0,35.3,13.3,249.2,1013,55.6,24.1,261,0.9,3,10,Partially cloudy,partly-cloudy-day,
Berlin,2025-05-23T19:00:00,13,13,2.8,49.94,0,35.5,,0,0,33.5,12.2,245.5,1013,48.7,24.1,285,1,3,10,Partially cloudy,partly-cloudy-day,
Berlin,2025-05-23T20:00:00,12.6,12.6,3.1,52.36,0,35.5,,0,0,33.1,11.2,246.2,1014,3.3,24.1,101,0.4,1,10,Clear,clear-day,
Berlin,2025-05-23T21:00:00,11.7,11.7,4.2,60.03,0,0,,0,0,26.6,7.9,249,1014,0,24.1,34,0.1,0,10,Clear,clear-day,
Berlin,2025-05-23T22:00:00,10.4,10.4,4.1,64.98,0,0,,0,0,19.1,6.1,222.4,1015,0.9,24.1,0,0,0,10,Clear,clear-night,
Berlin,2025-05-23T23:00:00,9.3,8.2,3.6,67.54,0,0,,0,0,18.7,7.9,227.4,1015,0,24.1,0,0,0,10,Clear,clear-night,
Berlin,2025-05-24T00:00:00,8.6,7.3,4.2,73.86,0,0,,0,0,19.8,7.9,241.2,1015,0,24.1,0,0,0,10,Clear,clear-night,
Berlin,2025-05-24T01:00:00,7.9,6.6,4.7,80.21,0,0,,0,0,18.7,7.6,237.1,1015,22.3,24.1,0,0,0,10,Partially cloudy,partly-cloudy-night,
Berlin,2025-05-24T02:00:00,7.4,6.1,4.8,83.57,0,0,,0,0,17.3,7.2,235.6,1015,91.7,24.1,0,0,0,10,Overcast,cloudy,
Berlin,2025-05-24T03:00:00,7,5.6,4.6,84.7,0,0,,0,0,16.9,7.2,234.2,1015,90.1,24.1,0,0,0,10,Overcast,cloudy,
Berlin,2025-05-24T04:00:00,6.7,5.4,4.6,86.46,0,0,,0,0,16.6,6.8,225.7,1015,100,24.1,0,0,0,10,Overcast,cloudy,
Berlin,2025-05-24T05:00:00,6.5,5.2,4.4,86.44,0,0,,0,0,16.6,6.8,223.9,1016,100,24.1,0,0,0,10,Overcast,cloudy,
Berlin,2025-05-24T06:00:00,6.5,5.5,4.2,85.24,0,0,,0,0,16.2,5.8,217.6,1016,100,24.1,22,0.1,0,10,Overcast,cloudy,
Berlin,2025-05-24T07:00:00,7.4,6.3,4.3,80.7,0,0,,0,0,15.8,6.5,227,1016,100,24.1,104,0.4,1,10,Overcast,cloudy,
Berlin,2025-05-24T08:00:00,8.7,8.1,4.3,73.87,0,0,,0,0,18,5.4,199.1,1016,100,24.1,235,0.8,2,10,Overcast,cloudy,
Berlin,2025-05-24T09:00:00,10.6,10.6,4.4,65.49,0,3.2,,0,0,21.6,7.9,222.9,1016,100,24.1,381,1.4,4,10,Overcast,cloudy,
Berlin,2025-05-24T10:00:00,11.8,11.8,3.3,55.98,0,3.2,rain,0,0,23.4,6.8,251.8,1016,68.2,24.1,599,2.2,6,10,Partially cloudy,partly-cloudy-day,
Berlin,2025-05-24T11:00:00,12.8,12.8,0.9,44.17,0,3.2,,0,0,32,12.6,243.5,1016,97.7,24.1,716,2.6,7,10,Overcast,cloudy,
Berlin,2025-05-24T12:00:00,14.3,14.3,0.3,38.36,0,3.2,,0,0,31.7,9.4,228.7,1016,90.9,24.1,827,3,8,10,Overcast,cloudy,
Berlin,2025-05-24T13:00:00,15.3,15.3,-0.6,33.69,0,3.2,,0,0,33.1,11.5,252.8,1016,39.8,24.1,880,3.2,9,10,Partially cloudy,partly-cloudy-day,
Berlin,2025-05-24T14:00:00,16.5,16.5,-1.2,29.87,0,3.2,,0,0,30.2,11.2,261.2,1015,74.5,24.1,885,3.2,9,10,Partially cloudy,partly-cloudy-day,
Berlin,2025-05-24T15:00:00,17.1,17.1,-1.7,27.71,0,0,,0,0,30.2,9,275.3,1015,79.6,24.1,834,3,8,10,Partially cloudy,partly-cloudy-day,
Berlin,2025-05-24T16:00:00,17.7,17.7,-0.6,28.92,0,0,,0,0,24.5,6.1,256,1014,43.2,24.1,734,2.6,7,10,Partially cloudy,partly-cloudy-day,
Berlin,2025-05-24T17:00:00,18.1,18.1,0.5,30.55,0,0,,0,0,18,4.7,239.4,1014,54.9,24.1,630,2.3,6,10,Partially cloudy,partly-cloudy-day,
Berlin,2025-05-24T18:00:00,18.2,18.2,0.9,31.24,0,0,,0,0,14.4,4,174.8,1013,91.2,24.1,480,1.7,5,10,Overcast,cloudy,
Berlin,2025-05-24T19:00:00,18,18,1.2,32.33,0,0,,0,0,15.1,5.4,138.1,1013,63.3,24.1,313,1.1,3,10,Partially cloudy,partly-cloudy-day,
Berlin,2025-05-24T20:00:00,17.3,17.3,2.4,36.82,0,0,,0,0,23,9.4,157.5,1013,100,24.1,137,0.5,1,10,Overcast,cloudy,
Berlin,2025-05-24T21:00:00,15.7,15.7,4.1,45.96,0.1,3.2,rain,0,0,24.1,9,180.9,1014,98.7,24.1,36,0.1,0,10,Overcast,cloudy,
Berlin,2025-05-24T22:00:00,14.5,14.5,5.2,53.61,0,3.2,,0,0,22,8.3,182,1013,99,24.1,0,0,0,10,Overcast,cloudy,
Berlin,2025-05-24T23:00:00,13.8,13.8,6.3,60.54,0,3.2,,0,0,21.6,9,198,1013,100,24.1,0,0,0,10,Overcast,cloudy,
Berlin,2025-05-25T00:00:00,13.3,13.3,6.9,65.18,0.1,3.2,rain,0,0,22.7,9,205.9,1013,100,24.1,0,0,0,10,Overcast,cloudy,
Berlin,2025-05-25T01:00:00,13,13,6.7,65.56,0,3.2,,0,0,21.6,9,205,1013,100,24.1,0,0,0,10,Overcast,cloudy,
Berlin,2025-05-25T02:00:00,12.6,12.6,6.2,65.02,0,3.2,,0,0,21.2,8.6,199.9,1013,100,24.1,0,0,0,10,Overcast,cloudy,
Berlin,2025-05-25T03:00:00,12.3,12.3,6.2,66.32,0,12.9,,0,0,21.2,8.6,192.1,1012,100,24.1,0,0,0,10,Overcast,cloudy,
Berlin,2025-05-25T04:00:00,11.9,11.9,6.1,67.62,0,12.9,,0,0,21.2,9,184.9,1012,100,24.1,0,0,0,10,Overcast,cloudy,
Berlin,2025-05-25T05:00:00,11.6,11.6,6.1,68.97,0,12.9,,0,0,22.7,9.4,184.2,1012,99.5,24.1,0,0,0,10,Overcast,cloudy,
Berlin,2025-05-25T06:00:00,11.1,11.1,6.6,73.79,0.1,12.9,rain,0,0,23.4,9.4,181,1011,99.3,24.1,17,0.1,0,10,Overcast,cloudy,
Berlin,2025-05-25T07:00:00,10.9,10.9,7.5,79.53,0.3,12.9,rain,0,0,24.1,9.7,174.8,1011,100,24.1,78,0.3,1,10,Overcast,cloudy,
Berlin,2025-05-25T08:00:00,10.9,10.9,8.4,84.55,0.6,12.9,rain,0,0,25.9,10.4,167.9,1011,95.9,24.1,224,0.8,2,10,Overcast,cloudy,
Berlin,2025-05-25T09:00:00,11.7,11.7,9,83.51,0,25.8,,0,0,32.4,10.1,185,1011,97.9,24.1,399,1.4,4,10,Overcast,cloudy,
Berlin,2025-05-25T10:00:00,12.3,12.3,9.4,82.46,0.1,25.8,rain,0,0,30.2,10.8,179.4,1011,99.7,24.1,506,1.8,5,10,Overcast,cloudy,
Berlin,2025-05-25T11:00:00,12.7,12.7,9.8,82.51,0,25.8,,0,0,27.4,10.4,175.2,1011,98.6,24.1,184,0.7,2,10,Overcast,cloudy,
Berlin,2025-05-25T12:00:00,12.9,12.9,10.1,83.09,0,25.8,,0,0,26.6,10.4,179.5,1011,100,24.1,130,0.5,1,10,Overcast,cloudy,
Berlin,2025-05-25T13:00:00,14.7,14.7,10.5,75.93,0,25.8,rain,0,0,29.2,11.2,190.3,1010,100,24.1,40,0.1,0,10,Overcast,cloudy,
Berlin,2025-05-25T14:00:00,15.1,15.1,11.7,80.13,0.4,25.8,rain,0,0,28.4,11.2,195.8,1010,100,15.5,49,0.2,0,10,Overcast,cloudy,
Berlin,2025-05-25T15:00:00,14.9,14.9,12.1,82.98,0,77.4,rain,0,0,27.6,10.6,202.1,1009.7,100,15,39,0.1,0,10,"Rain, Overcast",rain,
Berlin,2025-05-25T16:00:00,14.9,14.9,12.5,85.93,0,77.4,rain,0,0,26.8,10,208.5,1009.3,100,21.9,28,0.1,0,10,"Rain, Overcast",rain,
Berlin,2025-05-25T17:00:00,14.8,14.8,13,88.97,2.8,77.4,rain,0,0,25.9,9.4,214.8,1009,100,17.3,27,0.1,0,10,"Rain, Overcast",rain,
Berlin,2025-05-25T18:00:00,15,15,13.2,89.19,0,77.4,rain,0,0,22.8,8.5,207.3,1009.3,97.6,11.3,17,0.1,0,10,"Rain, Overcast",rain,
Berlin,2025-05-25T19:00:00,15.2,15.2,13.5,89.4,0,77.4,rain,0,0,19.7,7.7,199.7,1009.7,95.1,13.6,7,0,0,10,"Rain, Overcast",rain,
Berlin,2025-05-25T20:00:00,15.5,15.5,13.8,89.61,0.6,77.4,rain,0,0,16.6,6.8,192.2,1010,92.7,24.1,5,0,0,10,"Rain, Overcast",rain,
Berlin,2025-05-25T21:00:00,15,15,13.5,91.14,0,35.5,,0,0,17.8,7.4,200.3,1010,88.9,24.1,2,0,0,10,Partially cloudy,partly-cloudy-day,
Berlin,2025-05-25T22:00:00,14.5,14.5,13.3,92.71,0,35.5,,0,0,19,8,208.5,1010,85.1,24.1,0,0,0,10,Partially cloudy,partly-cloudy-night,
Berlin,2025-05-25T23:00:00,14,14,13.1,94.31,0.1,35.5,rain,0,0,20.2,8.6,216.6,1010,81.3,24.1,0,0,0,10,Partially cloudy,partly-cloudy-night,
Berlin,2025-05-26T00:00:00,13.9,13.9,13,94.72,0,35.5,,0,0,19.3,8,228.4,1010,87.5,24.1,0,0,0,10,Partially cloudy,partly-cloudy-night,
Berlin,2025-05-26T01:00:00,13.8,13.8,13,95.13,0,35.5,,0,0,18.5,7.4,240.3,1010,93.8,24.1,0,0,0,10,Overcast,cloudy,
Berlin,2025-05-26T02:00:00,13.7,13.7,13,95.54,0.6,35.5,rain,0,0,17.6,6.8,252.1,1010,100,24.1,0,0,0,10,Overcast,cloudy,
Berlin,2025-05-26T03:00:00,13.4,13.4,12.6,94.49,0,9.7,,0,0,18.1,6.6,259.2,1010.3,98,24.1,0,0,0,10,Overcast,cloudy,
Berlin,2025-05-26T04:00:00,13.2,13.2,12.2,93.45,0,9.7,,0,0,18.6,6.4,266.3,1010.7,96,24.1,0,0,0,10,Overcast,cloudy,
Berlin,2025-05-26T05:00:00,13,13,11.8,92.42,0,9.7,,0,0,19.1,6.1,273.4,1011,94,24.1,0,0,0,10,Overcast,cloudy,
Berlin,2025-05-26T06:00:00,13.3,13.3,11.5,88.66,0,9.7,,0,0,19,6.2,273.1,1011.3,89.2,24.1,20,0.1,0,10,Partially cloudy,partly-cloudy-day,
Berlin,2025-05-26T07:00:00,13.7,13.7,11.2,85.05,0,9.7,,0,0,18.8,6.4,272.9,1011.7,84.5,24.1,96,0.3,1,10,Partially cloudy,partly-cloudy-day,
Berlin,2025-05-26T08:00:00,14.1,14.1,11,81.6,0,9.7,,0,0,18.7,6.5,272.6,1012,79.7,24.1,204,0.7,2,10,Partially cloudy,partly-cloudy-day,
Berlin,2025-05-26T09:00:00,15.5,15.5,9.4,67.15,0,41.9,,0,0,20.3,7.1,268,1012,76.1,24.1,104,0.4,1,10,Partially cloudy,partly-cloudy-day,
Berlin,2025-05-26T10:00:00,16.9,16.9,7.9,55.25,0,41.9,,0,0,21.8,7.7,263.3,1012,72.5,24.1,66,0.2,1,10,Partially cloudy,partly-cloudy-day,
Berlin,2025-05-26T11:00:00,18.4,18.4,6.4,45.45,0,41.9,,0,0,23.4,8.3,258.7,1012,68.9,24.1,335,1.2,3,10,Partially cloudy,partly-cloudy-day,
Berlin,2025-05-26T12:00:00,18.9,18.9,6.1,43.17,0,41.9,,0,0,27,10,258.3,1011.7,66.1,19.4,698,2.5,7,10,Partially cloudy,partly-cloudy-day,
Berlin,2025-05-26T13:00:00,19.5,19.5,5.9,41,0,41.9,,0,0,30.6,11.6,257.8,1011.3,63.4,24.1,740,2.7,7,10,Partially cloudy,partly-cloudy-day,
Berlin,2025-05-26T14:00:00,20.1,20.1,5.7,38.95,0,41.9,rain,0,0,34.2,13.3,257.4,1011,60.6,14.6,806,2.9,8,10,Partially cloudy,partly-cloudy-day,
Berlin,2025-05-26T15:00:00,19.9,19.9,5.8,39.71,0,25.8,rain,0,0,35.9,14.2,259.1,1011.3,68.6,16.7,779,2.8,8,10,Partially cloudy,partly-cloudy-day,
Berlin,2025-05-26T16:00:00,19.7,19.7,5.9,40.49,0,25.8,,0,0,37.6,15,260.7,1011.7,76.7,24.1,730,2.6,7,10,Partially cloudy,partly-cloudy-day,
Berlin,2025-05-26T17:00:00,19.5,19.5,6,41.28,0.5,25.8,rain,0,0,39.2,15.8,262.4,1012,84.7,16.5,321,1.2,3,10,Partially cloudy,partly-cloudy-day,
Berlin,2025-05-26T18:00:00,18.5,18.5,6.3,44.88,0,25.8,,0,0,39.4,15,268.7,1012.3,74.4,24.1,58,0.2,1,10,Partially cloudy,partly-cloudy-day,
Berlin,2025-05-26T19:00:00,17.6,17.6,6.7,48.8,0,25.8,,0,0,39.5,14.2,274.9,1012.7,64.2,24.1,234,0.8,2,10,Partially cloudy,partly-cloudy-day,
Berlin,2025-05-26T20:00:00,16.7,16.7,7.1,53.09,0.1,25.8,rain,0,0,39.6,13.3,281.2,1013,53.9,24.1,93,0.3,1,10,Partially cloudy,partly-cloudy-day,
Berlin,2025-05-26T21:00:00,15.6,15.6,7.5,58.54,0,6.5,,0,0,36.1,11.5,283.6,1013.7,69.3,24.1,41,0.1,0,10,Partially cloudy,partly-cloudy-day,
Berlin,2025-05-26T22:00:00,14.5,14.5,7.9,64.57,0,6.5,,0,0,32.6,9.7,285.9,1014.3,84.6,24.1,0,0,0,10,Partially cloudy,partly-cloudy-night,
Berlin,2025-05-26T23:00:00,13.5,13.5,8.4,71.26,0,6.5,,0,0,29.2,7.9,288.3,1015,100,24.1,0,0,0,10,Overcast,cloudy,
Berlin,2025-05-27T00:00:00,12.7,12.7,8.4,74.76,0,6.5,,0,0,24.8,7.6,277.3,1015,66.9,24.1,0,0,0,10,Partially cloudy,partly-cloudy-night,
Berlin,2025-05-27T01:00:00,12,12,8.4,78.45,0,6.5,,0,0,20.5,7.2,266.3,1015,33.9,24.1,0,0,0,10,Partially cloudy,partly-cloudy-night,
Berlin,2025-05-27T02:00:00,11.3,11.3,8.4,82.34,0,6.5,,0,0,16.2,6.8,255.3,1015,0.8,24.1,0,0,0,10,Clear,clear-night,
Berlin,2025-05-27T03:00:00,10.6,10.6,8.3,85.3,0,3.2,,0,0,16.3,6.7,250.4,1015,6.6,24.1,0,0,0,10,Clear,clear-night,
Berlin,2025-05-27T04:00:00,10,9.3,8.2,88.38,0,3.2,,0,0,16.4,6.6,245.6,1015,12.5,24.1,0,0,0,10,Clear,clear-night,
Berlin,2025-05-27T05:00:00,9.4,8.6,8.1,91.59,0,3.2,,0,0,16.6,6.5,240.7,1015,18.3,24.1,0,0,0,10,Clear,clear-day,
Berlin,2025-05-27T06:00:00,10.4,10.4,6.5,76.78,0,3.2,,0,0,10.8,5.8,228.4,1021,61.8,24.1,32,0.1,0,10,Partially cloudy,partly-cloudy-day,
Berlin,2025-05-27T07:00:00,12,12,6.5,69.05,0,3.2,,0,0,12.2,7.6,232.3,1021,55.6,24.1,151,0.5,2,10,Partially cloudy,partly-cloudy-day,
Berlin,2025-05-27T08:00:00,13.8,13.8,6.5,61.38,0,3.2,,0,0,11.9,7.9,228.4,1021,99.7,24.1,303,1.1,3,10,Overcast,cloudy,
Berlin,2025-05-27T09:00:00,15.2,15.2,5.9,53.93,0,16.1,,0,0,14,9,235,1021,93.3,24.1,381.7,1.4,4,10,Overcast,cloudy,
Berlin,2025-05-27T10:00:00,16.6,16.6,5.4,47.43,0,16.1,,0,0,16.2,10.1,241.7,1021,86.8,24.1,460.3,1.6,5,10,Partially cloudy,partly-cloudy-day,
Berlin,2025-05-27T11:00:00,18.1,18.1,4.9,41.74,0,16.1,,0,0,18.4,11.2,248.3,1021,80.4,24.1,539,1.9,5,10,Partially cloudy,partly-cloudy-day,
Berlin,2025-05-27T12:00:00,18.8,18.8,4.3,38.23,0,16.1,,0,0,19.3,13.1,243.3,1020.7,84.2,24.1,593,2.1,6,10,Partially cloudy,partly-cloudy-day,
Berlin,2025-05-27T13:00:00,19.5,19.5,3.7,35.02,0,16.1,,0,0,20.3,15,238.2,1020.3,88.1,24.1,647,2.3,6,10,Partially cloudy,partly-cloudy-day,
Berlin,2025-05-27T14:00:00,20.3,20.3,3.1,32.07,0,16.1,,0,0,21.2,16.9,233.2,1020,91.9,24.1,701,2.5,7,10,Overcast,cloudy,
Berlin,2025-05-27T15:00:00,19.8,19.8,4.1,35.51,0,12.9,,0,0,19.8,15,238.4,1020,86.8,24.1,574.7,2.1,6,10,Partially cloudy,partly-cloudy-day,
Berlin,2025-05-27T16:00:00,19.3,19.3,5.1,39.29,0,12.9,,0,0,18.4,13.1,243.6,1020,81.7,24.1,448.3,1.6,4,10,Partially cloudy,partly-cloudy-day,
Berlin,2025-05-27T17:00:00,18.9,18.9,6.2,43.45,0,12.9,,0,0,16.9,11.2,248.8,1020,76.6,24.1,322,1.2,3,10,Partially cloudy,partly-cloudy-day,
Berlin,2025-05-27T18:00:00,18.5,18.5,6.7,46.32,0,12.9,,0,0,16.9,11.3,247.4,1020,72.4,24.1,273.3,1,3,10,Partially cloudy,partly-cloudy-day,
Berlin,2025-05-27T19:00:00,18.1,18.1,7.3,49.38,0,12.9,,0,0,16.9,11.4,245.9,1020,68.1,24.1,224.7,0.8,2,10,Partially cloudy,partly-cloudy-day,
Berlin,2025-05-27T20:00:00,17.7,17.7,7.9,52.63,0,12.9,rain,0,0,16.9,11.5,244.5,1020,63.9,24.1,176,0.6,2,10,Partially cloudy,partly-cloudy-day,
Berlin,2025-05-27T21:00:00,16.5,16.5,8.1,57.57,0,6.5,,0,0,15.1,10.1,236.7,1020,70.7,24.1,117.3,0.4,1,10,Partially cloudy,partly-cloudy-day,
Berlin,2025-05-27T22:00:00,15.3,15.3,8.3,63,0,6.5,,0,0,13.3,8.6,228.9,1020,77.5,24.1,58.7,0.2,0,10,Partially cloudy,partly-cloudy-night,
Berlin,2025-05-27T23:00:00,14.1,14.1,8.5,69,0.1,6.5,rain,0,0,11.5,7.2,221.1,1020,84.3,24.1,0,0,0,10,Partially cloudy,partly-cloudy-night,
Berlin,2025-05-28T00:00:00,13.4,13.4,8.4,71.42,0,6.5,,0,0,12.1,7.3,212.6,1019.7,57.9,24.1,0,0,0,10,Partially cloudy,partly-cloudy-night,
Berlin,2025-05-28T01:00:00,12.8,12.8,8.3,73.93,0,6.5,,0,0,12.7,7.4,204,1019.3,31.4,24.1,0,0,0,10,Partially cloudy,partly-cloudy-night,
Berlin,2025-05-28T02:00:00,12.2,12.2,8.2,76.54,0,6.5,,0,0,13.3,7.6,195.5,1019,5,24.1,0,0,0,10,Clear,clear-night,
Berlin,2025-05-28T03:00:00,11.7,11.7,8.1,78.41,0,3.2,,0,0,15.6,7.9,194.3,1019,36.7,24.1,0,0,0,10,Partially cloudy,partly-cloudy-night,
Berlin,2025-05-28T04:00:00,11.3,11.3,8,80.32,0,3.2,,0,0,17.9,8.3,193.2,1019,68.3,24.1,0,0,0,10,Partially cloudy,partly-cloudy-night,
Berlin,2025-05-28T05:00:00,10.9,10.9,8,82.29,0,3.2,,0,0,20.2,8.6,192,1019,100,24.1,0,0,0,10,Overcast,cloudy,
Berlin,2025-05-28T06:00:00,12.1,12.1,8,75.68,0,3.2,,0,0,22.3,10.8,191.9,1018.3,88.8,24.1,45.7,0.2,0,10,Partially cloudy,partly-cloudy-day,
Berlin,2025-05-28T07:00:00,13.4,13.4,8,69.65,0,3.2,,0,0,24.5,13,191.8,1017.7,77.6,24.1,91.3,0.3,1,10,Partially cloudy,partly-cloudy-day,
Berlin,2025-05-28T08:00:00,14.7,14.7,8,64.16,0,3.2,,0,0,26.6,15.1,191.7,1017,66.4,24.1,137,0.5,1,10,Partially cloudy,partly-cloudy-day,
Berlin,2025-05-28T09:00:00,16.2,16.2,8.1,58.68,0,41.9,,0,0,26.3,16.1,195.5,1016.7,77.6,24.1,247,0.9,2,10,Partially cloudy,partly-cloudy-day,
Berlin,2025-05-28T10:00:00,17.7,17.7,8.2,53.73,0,41.9,,0,0,25.9,17,199.2,1016.3,88.8,24.1,357,1.3,4,10,Partially cloudy,partly-cloudy-day,
Berlin,2025-05-28T11:00:00,19.3,19.3,8.4,49.26,0,41.9,,0,0,25.6,18,203,1016,100,24.1,467,1.7,5,10,Overcast,cloudy,
Berlin,2025-05-28T12:00:00,18.3,18.3,9,54.61,0,41.9,,0,0,26.2,17.9,210.9,1015.7,100,24.1,403,1.5,4,10,Overcast,cloudy,
Berlin,2025-05-28T13:00:00,17.3,17.3,9.6,60.55,0,41.9,,0,0,26.8,17.8,218.8,1015.3,100,24.1,339,1.2,3,10,Overcast,cloudy,
Berlin,2025-05-28T14:00:00,16.3,16.3,10.2,67.16,0.1,41.9,rain,0,0,27.4,17.6,226.7,1015,100,24.1,275,1,3,10,Overcast,cloudy,
Berlin,2025-05-28T15:00:00,15.7,15.7,10.6,71.52,0,51.6,rain,0,0,26.8,17,217.9,1014.7,100,24.1,235.7,0.9,2,10,"Rain, Overcast",rain,
Berlin,2025-05-28T16:00:00,15.1,15.1,11,76.17,0,51.6,rain,0,0,26.2,16.4,209.2,1014.3,100,24.1,196.3,0.7,2,10,"Rain, Overcast",rain,
Berlin,2025-05-28T17:00:00,14.6,14.6,11.4,81.12,0.1,51.6,rain,0,0,25.6,15.8,200.4,1014,100,24.1,157,0.6,2,10,"Rain, Overcast",rain,
Berlin,2025-05-28T18:00:00,14.3,14.3,11.6,84,0,51.6,rain,0,0,23.5,14.4,198.4,1013.7,100,24.1,109,0.4,1,10,"Rain, Overcast",rain,
Berlin,2025-05-28T19:00:00,14,14,11.9,86.98,0,51.6,rain,0,0,21.5,13,196.4,1013.3,100,24.1,61,0.2,1,10,"Rain, Overcast",rain,
Berlin,2025-05-28T20:00:00,13.8,13.8,12.2,90.07,0.2,51.6,rain,0,0,19.4,11.5,194.4,1013,100,24.1,13,0,0,10,"Rain, Overcast",rain,
Berlin,2025-05-28T21:00:00,13.6,13.6,12.3,91.85,0,41.9,,0,0,17.9,10.1,194.5,1013,100,21.4,8.7,0,0,10,Overcast,cloudy,
Berlin,2025-05-28T22:00:00,13.4,13.4,12.4,93.67,0,41.9,,0,0,16.3,8.6,194.6,1013,100,18.7,4.3,0,0,10,Overcast,cloudy,
Berlin,2025-05-28T23:00:00,13.2,13.2,12.5,95.52,0.9,41.9,rain,0,0,14.8,7.2,194.7,1013,100,16,0,0,0,10,Overcast,cloudy,
Berlin,2025-05-29T00:00:00,13.1,13.1,12.6,96.57,0,41.9,,0,0,14.4,6.8,197,1012.7,100,18.7,0,0,0,10,Overcast,cloudy,
Berlin,2025-05-29T01:00:00,13,13,12.7,97.63,0,41.9,,0,0,14,6.5,199.4,1012.3,100,21.4,0,0,0,10,Overcast,cloudy,
Berlin,2025-05-29T02:00:00,13,13,12.8,98.7,1.3,41.9,rain,0,0,13.7,6.1,201.7,1012,100,24.1,0,0,0,10,Overcast,cloudy,
Berlin,2025-05-29T03:00:00,13,13,12.8,98.49,0,22.6,,0,0,16.4,7.1,216.9,1012,100,16.8,0,0,0,10,Overcast,cloudy,
Berlin,2025-05-29T04:00:00,13,13,12.8,98.27,0,22.6,,0,0,19.2,8,232.1,1012,100,9.6,0,0,0,10,Overcast,cloudy,
Berlin,2025-05-29T05:00:00,13.1,13.1,12.8,98.06,1.2,22.6,rain,0,0,22,9,247.3,1012,100,2.3,0,0,0,10,Overcast,cloudy,
Berlin,2025-05-29T06:00:00,12.8,12.8,12.3,96.35,0,22.6,,0,0,24.5,11.4,261,1012.7,97.3,9.6,5,0,0,10,Overcast,cloudy,
Berlin,2025-05-29T07:00:00,12.6,12.6,11.8,94.67,0,22.6,,0,0,27,13.8,274.7,1013.3,94.7,16.8,10,0.1,0,10,Overcast,cloudy,
Berlin,2025-05-29T08:00:00,12.4,12.4,11.3,93,4,22.6,rain,0,0,29.5,16.2,288.4,1014,92,24.1,15,0.1,0,10,Overcast,cloudy,
Berlin,2025-05-29T09:00:00,12.6,12.6,11.3,91.39,0,22.6,,0,0,30.4,17.6,287.2,1014.3,94.7,24.1,56.3,0.2,1,10,Overcast,cloudy,
Berlin,2025-05-29T10:00:00,12.9,12.9,11.3,89.81,0,22.6,,0,0,31.2,19.1,286.1,1014.7,97.3,24.1,97.7,0.4,1,10,Overcast,cloudy,
Berlin,2025-05-29T11:00:00,13.2,13.2,11.3,88.26,0,22.6,,0,0,32,20.5,284.9,1015,100,24.1,139,0.5,1,10,Overcast,cloudy,
Berlin,2025-05-29T12:00:00,13.2,13.2,10.7,84.63,0,22.6,,0,0,31.1,17.6,290.4,1015.3,95.7,24.1,128,0.5,1,10,Overcast,cloudy,
Berlin,2025-05-29T13:00:00,13.3,13.3,10.1,81.14,0,22.6,,0,0,30.1,14.8,295.9,1015.7,91.5,24.1,117,0.4,1,10,Overcast,cloudy,
Berlin,2025-05-29T14:00:00,13.4,13.4,9.6,77.78,0.1,22.6,rain,0,0,29.2,11.9,301.4,1016,87.2,24.1,106,0.4,1,10,Partially cloudy,partly-cloudy-day,
Berlin,2025-05-29T15:00:00,15.6,15.6,7.7,59.21,0,35.5,,0,0,27.1,14.5,299.2,1015.7,60.4,24.1,250,0.9,3,10,Partially cloudy,partly-cloudy-day,
Berlin,2025-05-29T16:00:00,17.8,17.8,5.8,45.09,0,35.5,,0,0,25.1,17.2,297,1015.3,33.6,24.1,394,1.4,4,10,Partially cloudy,partly-cloudy-day,
Berlin,2025-05-29T17:00:00,20.1,20.1,3.9,34.36,0,35.5,,0,0,23,19.8,294.8,1015,6.8,24.1,538,1.9,5,10,Clear,clear-day,
Berlin,2025-05-29T18:00:00,19.2,19.2,4.5,37.89,0,35.5,,0,0,19,15.4,304,1015,34.2,24.1,468,1.7,5,10,Partially cloudy,partly-cloudy-day,
Berlin,2025-05-29T19:00:00,18.3,18.3,5.1,41.8,0,35.5,,0,0,14.9,10.9,313.1,1015,61.7,24.1,398,1.4,4,10,Partially cloudy,partly-cloudy-day,
Berlin,2025-05-29T20:00:00,17.4,17.4,5.7,46.12,0,35.5,,0,0,10.8,6.5,322.3,1015,89.1,24.1,328,1.2,3,10,Partially cloudy,partly-cloudy-day,
Berlin,2025-05-29T21:00:00,16.1,16.1,5.9,50.68,0,29,,0,0,8.3,5,270.6,1015,82.7,24.1,218.7,0.8,2,10,Partially cloudy,partly-cloudy-day,
Berlin,2025-05-29T22:00:00,14.8,14.8,6.1,55.73,0,29,,0,0,5.8,3.6,218.9,1015,76.2,24.1,109.3,0.4,0,10,Partially cloudy,partly-cloudy-night,
Berlin,2025-05-29T23:00:00,13.6,13.6,6.3,61.33,0,29,,0,0,3.2,2.2,167.2,1015,69.8,24.1,0,0,0,10,Partially cloudy,partly-cloudy-night,
Berlin,2025-05-30T00:00:00,13.4,13.4,6.6,63.17,0,29,,0,0,4.9,3.4,173.2,1014.7,79.9,24.1,0,0,0,10,Partially cloudy,partly-cloudy-night,
Berlin,2025-05-30T01:00:00,13.4,13.4,6.9,65.05,0,29,,0,0,6.6,4.6,179.2,1014.3,89.9,24.1,0,0,0,10,Partially cloudy,partly-cloudy-night,
Berlin,2025-05-30T02:00:00,13.3,13.3,7.3,66.99,0,29,,0,0,8.3,5.8,185.2,1014,100,24.1,0,0,0,10,Overcast,cloudy,
Berlin,2025-05-30T03:00:00,13.1,13.1,7.6,69.28,0,35.5,,0,0,12.4,6.6,185.6,1013.3,100,21.2,0,0,0,10,Overcast,cloudy,
Berlin,2025-05-30T04:00:00,12.9,12.9,7.9,71.65,0,35.5,,0,0,16.4,7.4,186.1,1012.7,100,18.2,0,0,0,10,Overcast,cloudy,
Berlin,2025-05-30T05:00:00,12.8,12.8,8.3,74.09,0.1,35.5,rain,0,0,20.5,8.3,186.5,1012,100,15.3,0,0,0,10,Overcast,cloudy,
Berlin,2025-05-30T06:00:00,12.7,12.7,9.3,79.79,0,35.5,,0,0,19.6,7.9,216.5,1011.7,99.9,18.2,3.3,0,0,10,Overcast,cloudy,
Berlin,2025-05-30T07:00:00,12.6,12.6,10.3,85.89,0,35.5,,0,0,18.6,7.6,246.6,1011.3,99.8,21.2,6.7,0,0,10,Overcast,cloudy,
Berlin,2025-05-30T08:00:00,12.6,12.6,11.4,92.4,1.1,35.5,rain,0,0,17.6,7.2,276.6,1011,99.7,24.1,10,0,0,10,Overcast,cloudy,
Berlin,2025-05-30T09:00:00,13.4,13.4,11.4,87.31,0,35.5,,0,0,20,10.6,288.4,1011,94.2,24.1,69,0.2,1,10,Overcast,cloudy,
Berlin,2025-05-30T10:00:00,14.4,14.4,11.4,82.54,0,35.5,,0,0,22.4,13.9,300.3,1011,88.8,24.1,128,0.5,1,10,Partially cloudy,partly-cloudy-day,
Berlin,2025-05-30T11:00:00,15.3,15.3,11.5,78.06,0.1,35.5,rain,0,0,24.8,17.3,312.1,1011,83.3,24.1,187,0.7,2,10,Partially cloudy,partly-cloudy-day,
Berlin,2025-05-30T12:00:00,15.7,15.7,10.9,72.97,0,35.5,,0,0,26.4,19.1,316.9,1011.3,88.7,24.1,277,1,3,10,Partially cloudy,partly-cloudy-day,
Berlin,2025-05-30T13:00:00,16.1,16.1,10.3,68.19,0,35.5,,0,0,28,20.9,321.6,1011.7,94.2,24.1,367,1.3,4,10,Overcast,cloudy,
Berlin,2025-05-30T14:00:00,16.6,16.6,9.7,63.73,0.6,35.5,rain,0,0,29.5,22.7,326.4,1012,99.6,24.1,457,1.6,5,10,Overcast,cloudy,
Berlin,2025-05-30T15:00:00,16.3,16.3,9.2,62.68,0,41.9,,0,0,27.7,20.5,330.9,1012.3,99.7,24.1,399,1.4,4,10,Overcast,cloudy,
Berlin,2025-05-30T16:00:00,16.1,16.1,8.7,61.65,0,41.9,,0,0,25.9,18.4,335.5,1012.7,99.9,24.1,341,1.2,3,10,Overcast,cloudy,
Berlin,2025-05-30T17:00:00,15.9,15.9,8.3,60.63,0.1,41.9,rain,0,0,24.1,16.2,340,1013,100,24.1,283,1,3,10,Overcast,cloudy,
Berlin,2025-05-30T18:00:00,15.3,15.3,9,66.36,0,41.9,,0,0,27,16.6,328.9,1013.3,68.3,20,275.3,1,3,10,Partially cloudy,partly-cloudy-day,
Berlin,2025-05-30T19:00:00,14.7,14.7,9.8,72.62,0,41.9,,0,0,29.9,16.9,317.7,1013.7,36.7,15.8,267.7,0.9,3,10,Partially cloudy,partly-cloudy-day,
Berlin,2025-05-30T20:00:00,14.1,14.1,10.6,79.46,1.2,41.9,rain,0,0,32.8,17.3,306.6,1014,5,11.7,260,0.9,3,10,Clear,clear-day,
Berlin,2025-05-30T21:00:00,13,13,10,82.01,0,16.1,,0,0,35,16.8,304.6,1014.7,5,15.8,173.3,0.6,2,10,Clear,clear-day,
Berlin,2025-05-30T22:00:00,12,12,9.5,84.68,0,16.1,,0,0,37.3,16.3,302.6,1015.3,5,20,86.7,0.3,0,10,Clear,clear-night,
Berlin,2025-05-30T23:00:00,11,11,9,87.47,0.5,16.1,rain,0,0,39.6,15.8,300.6,1016,5,24.1,0,0,0,10,Clear,clear-night,
Berlin,2025-05-31T00:00:00,10.3,10.3,8.3,87.41,0,16.1,,0,0,40,16.8,297.2,1016.3,3.3,24.1,0,0,0,10,Clear,clear-night,
Berlin,2025-05-31T01:00:00,9.7,7.2,7.7,87.35,0,16.1,,0,0,40.3,17.8,293.9,1016.7,1.7,24.1,0,0,0,10,Clear,clear-night,
Berlin,2025-05-31T02:00:00,9.1,6.3,7.1,87.29,0,16.1,,0,0,40.7,18.7,290.5,1017,0,24.1,0,0,0,10,Clear,clear-night,
Berlin,2025-05-31T03:00:00,8.6,5.8,6.7,87.65,0,6.5,,0,0,41.8,18.8,288,1017,8.9,24.1,0,0,0,10,Clear,clear-night,
Berlin,2025-05-31T04:00:00,8.2,5.2,6.3,88.02,0,6.5,,0,0,42.8,19,285.4,1017,17.7,24.1,0,0,0,10,Clear,clear-night,
Berlin,2025-05-31T05:00:00,7.8,4.7,6,88.38,0,6.5,,0,0,43.9,19.1,282.9,1017,26.6,24.1,0,0,0,10,Partially cloudy,partly-cloudy-day,
Berlin,2025-05-31T06:00:00,8.6,5.6,5.9,83.14,0,6.5,,0,0,43.6,20.9,282.8,1017,35.4,24.1,56.3,0.3,1,10,Partially cloudy,partly-cloudy-day,
Berlin,2025-05-31T07:00:00,9.5,6.5,5.9,78.24,0,6.5,,0,0,43.2,22.7,282.8,1017,44.3,24.1,112.7,0.5,1,10,Partially cloudy,partly-cloudy-day,
Berlin,2025-05-31T08:00:00,10.4,10.4,5.9,73.66,0,6.5,,0,0,42.8,24.5,282.7,1017,53.1,24.1,169,0.6,2,10,Partially cloudy,partly-cloudy-day,
Berlin,2025-05-31T09:00:00,11.7,11.7,4.8,62.6,0,9.7,,0,0,42.6,25.9,286.8,1016.3,53.6,24.1,302.7,1.1,3,10,Partially cloudy,partly-cloudy-day,
Berlin,2025-05-31T10:00:00,12.9,12.9,3.7,53.21,0,9.7,,0,0,42.4,27.4,291,1015.7,54.1,24.1,436.3,1.6,4,10,Partially cloudy,partly-cloudy-day,
Berlin,2025-05-31T11:00:00,14.3,14.3,2.6,45.24,0.3,9.7,rain,0,0,42.1,28.8,295.1,1015,54.6,24.1,570,2.1,6,10,Partially cloudy,partly-cloudy-day,
Berlin,2025-05-31T12:00:00,14.8,14.8,2.6,43.71,0,9.7,,0,0,43.6,28.7,290.3,1014.7,64.4,24.1,553.3,2,6,10,Partially cloudy,partly-cloudy-day,
Berlin,2025-05-31T13:00:00,15.3,15.3,2.6,42.24,0,9.7,,0,0,45,28.6,285.6,1014.3,74.2,24.1,536.7,2,5,10,Partially cloudy,partly-cloudy-day,
Berlin,2025-05-31T14:00:00,15.9,15.9,2.6,40.82,0.1,9.7,rain,0,0,46.4,28.4,280.8,1014,84,24.1,520,1.9,5,10,Partially cloudy,partly-cloudy-day,
Berlin,2025-05-31T15:00:00,15.3,15.3,3.2,44.27,0,12.9,,0,0,47.5,28,288.5,1014.3,88.7,24.1,455,1.7,5,10,Partially cloudy,partly-cloudy-day,
Berlin,2025-05-31T16:00:00,14.7,14.7,3.8,48.01,0,12.9,,0,0,48.6,27.5,296.1,1014.7,93.4,24.1,390,1.4,4,10,Overcast,cloudy,
Berlin,2025-05-31T17:00:00,14.2,14.2,4.5,52.06,0.1,12.9,rain,0,0,49.7,27,303.8,1015,98.1,24.1,325,1.2,3,10,Overcast,cloudy,
Berlin,2025-05-31T18:00:00,13.8,13.8,4.6,53.93,0,12.9,,0,0,49.6,26,302.3,1014.7,96.8,24.1,263.7,1,3,10,Overcast,cloudy,
Berlin,2025-05-31T19:00:00,13.4,13.4,4.7,55.87,0,12.9,,0,0,49.4,25.1,300.9,1014.3,95.5,24.1,202.3,0.7,2,10,Overcast,cloudy,
Berlin,2025-05-31T20:00:00,13,13,4.9,57.88,0.6,12.9,rain,0,0,49.3,24.1,299.4,1014,94.2,24.1,141,0.5,1,10,Overcast,cloudy,
Berlin,2025-05-31T21:00:00,12.6,12.6,4.9,59.43,0,9.7,,0,0,48.6,24.5,298.5,1014.3,96.1,24.1,94,0.3,1,10,Overcast,cloudy,
Berlin,2025-05-31T22:00:00,12.2,12.2,4.9,61.01,0,9.7,,0,0,47.9,24.8,297.7,1014.7,98.1,24.1,47,0.2,0,10,Overcast,cloudy,
Berlin,2025-05-31T23:00:00,11.9,11.9,5,62.65,0.1,9.7,rain,0,0,47.2,25.2,296.8,1015,100,24.1,0,0,0,10,Overcast,cloudy,
Berlin,2025-06-01T00:00:00,11.4,11.4,5.1,65.07,0,9.7,,0,0,46.9,25.1,294.6,1015,99.7,24.1,0,0,0,10,Overcast,cloudy,
Berlin,2025-06-01T01:00:00,11,11,5.2,67.59,0,9.7,,0,0,46.7,25,292.4,1015,99.5,24.1,0,0,0,10,Overcast,cloudy,
Berlin,2025-06-01T02:00:00,10.6,10.6,5.4,70.21,0.1,9.7,rain,0,0,46.4,24.8,290.2,1015,99.2,24.1,0,0,0,10,Overcast,cloudy,
Berlin,2025-06-01T03:00:00,10,7,5.2,72.08,0,9.7,,0,0,45.8,24.6,289.1,1015,85.4,24.1,0,0,0,10,Partially cloudy,partly-cloudy-night,
Berlin,2025-06-01T04:00:00,9.4,6.3,5,74.01,0,9.7,,0,0,45.2,24.4,288.1,1015,71.6,24.1,0,0,0,10,Partially cloudy,partly-cloudy-night,
Berlin,2025-06-01T05:00:00,8.9,5.6,4.9,76,0,9.7,,0,0,44.6,24.1,287,1015,57.8,24.1,0,0,0,10,Partially cloudy,partly-cloudy-day,
Berlin,2025-06-01T06:00:00,9.4,6.2,5.1,74.35,0,9.7,,0,0,42.5,24.5,288.2,1015,67,24.1,51,0.3,1,10,Partially cloudy,partly-cloudy-day,
Berlin,2025-06-01T07:00:00,9.9,6.9,5.3,72.74,0,9.7,,0,0,40.3,24.8,289.4,1015,76.1,24.1,102,0.5,1,10,Partially cloudy,partly-cloudy-day,
Berlin,2025-06-01T08:00:00,10.5,10.5,5.5,71.18,0,9.7,,0,0,38.2,25.2,290.6,1015,85.3,24.1,153,0.6,2,10,Partially cloudy,partly-cloudy-day,
Berlin,2025-06-01T09:00:00,11.7,11.7,5.5,65.58,0,22.6,,0,0,37.7,25.2,291.3,1015,90.2,24.1,213.7,0.9,2,10,Overcast,cloudy,
Berlin,2025-06-01T10:00:00,12.9,12.9,5.5,60.48,0,22.6,,0,0,37.2,25.2,291.9,1015,95.1,24.1,274.3,1,3,10,Overcast,cloudy,
Berlin,2025-06-01T11:00:00,14.2,14.2,5.5,55.82,0,22.6,,0,0,36.7,25.2,292.6,1015,100,24.1,335,1.2,3,10,Overcast,cloudy,
Berlin,2025-06-01T12:00:00,14.3,14.3,5.8,56.5,0,22.6,,0,0,37.2,22.9,293.4,1015,100,24.1,268.3,1,3,10,Overcast,cloudy,
Berlin,2025-06-01T13:00:00,14.4,14.4,6.1,57.19,0,22.6,,0,0,37.7,20.6,294.2,1015,100,24.1,201.7,0.7,2,10,Overcast,cloudy,
Berlin,2025-06-01T14:00:00,14.6,14.6,6.4,57.88,0,22.6,,0,0,38.2,18.4,295,1015,100,24.1,135,0.5,1,10,Overcast,cloudy,
Berlin,2025-06-01T15:00:00,15.1,15.1,6.3,55.67,0,16.1,,0,0,37.7,19.3,293.6,1014.7,99.7,24.1,133,0.5,1,10,Overcast,cloudy,
Berlin,2025-06-01T16:00:00,15.6,15.6,6.2,53.55,0,16.1,,0,0,37.2,20.3,292.3,1014.3,99.3,24.1,131,0.5,1,10,Overcast,cloudy,
Berlin,2025-06-01T17:00:00,16.2,16.2,6.2,51.52,0.2,16.1,rain,0,0,36.7,21.2,290.9,1014,99,24.1,129,0.5,1,10,Overcast,cloudy,
Berlin,2025-06-01T18:00:00,16.2,16.2,6.2,51.64,0,16.1,,0,0,36.8,21.4,295.8,1014,99.1,24.1,142,0.5,1,10,Overcast,cloudy,
Berlin,2025-06-01T19:00:00,16.2,16.2,6.2,51.76,0,16.1,,0,0,37,21.5,300.8,1014,99.2,24.1,155,0.6,2,10,Overcast,cloudy,
Berlin,2025-06-01T20:00:00,16.2,16.2,6.3,51.88,0,16.1,,0,0,37.1,21.6,305.7,1014,99.3,24.1,168,0.6,2,10,Overcast,cloudy,
Berlin,2025-06-01T21:00:00,15,15,6.1,55.39,0,9.7,,0,0,37.7,19.9,303.2,1014.3,89.7,24.1,112,0.4,1,10,Partially cloudy,partly-cloudy-day,
Berlin,2025-06-01T22:00:00,13.8,13.8,6,59.18,0,9.7,,0,0,38.3,18.2,300.8,1014.7,80,24.1,56,0.2,0,10,Partially cloudy,partly-cloudy-night,
Berlin,2025-06-01T23:00:00,12.7,12.7,5.9,63.27,0.1,9.7,rain,0,0,38.9,16.6,298.3,1015,70.4,24.1,0,0,0,10,Partially cloudy,partly-cloudy-night,
Berlin,2025-06-02T00:00:00,11.8,11.8,5.7,66.37,0,9.7,,0,0,39.4,17.3,295.9,1015.3,48.6,24.1,0,0,0,10,Partially cloudy,partly-cloudy-night,
Berlin,2025-06-02T01:00:00,10.9,10.9,5.6,69.64,0,9.7,,0,0,39.8,18,293.6,1015.7,26.8,24.1,0,0,0,10,Partially cloudy,partly-cloudy-night,
Berlin,2025-06-02T02:00:00,10.1,10.1,5.5,73.1,0,9.7,,0,0,40.3,18.7,291.2,1016,5,24.1,0,0,0,10,Clear,clear-night,
Berlin,2025-06-02T03:00:00,9.4,6.8,5.6,77.51,0,6.5,,0,0,39.5,18,289.1,1016.3,5,24.1,0,0,0,10,Clear,clear-night,
Berlin,2025-06-02T04:00:00,8.7,6,5.8,82.19,0,6.5,,0,0,38.6,17.3,287,1016.7,5,24.1,0,0,0,10,Clear,clear-night,
Berlin,2025-06-02T05:00:00,8,5.2,6,87.19,0,6.5,,0,0,37.8,16.6,284.9,1017,5,24.1,0,0,0,10,Clear,clear-day,
Berlin,2025-06-02T06:00:00,8.8,6.1,5.8,81.46,0,6.5,,0,0,34.9,17.4,286.6,1017.3,7.1,24.1,58.3,0.3,1,10,Clear,clear-day,
Berlin,2025-06-02T07:00:00,9.6,7.1,5.6,76.13,0,6.5,,0,0,32,18.2,288.4,1017.7,9.2,24.1,116.7,0.5,1,10,Clear,clear-day,
Berlin,2025-06-02T08:00:00,10.5,10.5,5.5,71.18,0,6.5,,0,0,29.2,19.1,290.1,1018,11.3,24.1,175,0.6,2,10,Clear,clear-day,
Berlin,2025-06-02T09:00:00,12.3,12.3,5.4,62.9,0,3.2,,0,0,28.1,19.3,293.7,1017.7,9.2,24.1,323.7,1.1,3,10,Clear,clear-day,
Berlin,2025-06-02T10:00:00,14.1,14.1,5.4,55.68,0,3.2,,0,0,27,19.6,297.3,1017.3,7,24.1,472.3,1.7,5,10,Clear,clear-day,
Berlin,2025-06-02T11:00:00,16,16,5.4,49.37,0,3.2,,0,0,25.9,19.8,300.9,1017,4.9,24.1,621,2.2,6,10,Clear,clear-day,
Berlin,2025-06-02T12:00:00,17.1,17.1,5.3,45.73,0,3.2,,0,0,27.4,20.8,306.3,1017,6,24.1,703,2.5,7,10,Clear,clear-day,
Berlin,2025-06-02T13:00:00,18.2,18.2,5.2,42.38,0,3.2,,0,0,28.8,21.7,311.7,1017,7.1,24.1,785,2.8,8,10,Clear,clear-day,
Berlin,2025-06-02T14:00:00,19.4,19.4,5.2,39.3,0,3.2,,0,0,30.2,22.7,317.1,1017,8.2,24.1,867,3.1,9,10,Clear,clear-day,
Berlin,2025-06-02T15:00:00,19.7,19.7,4.5,36.9,0,9.7,,0,0,28.9,23,314.3,1016.7,35.1,24.1,820.3,2.9,8,10,Partially cloudy,partly-cloudy-day,
Berlin,2025-06-02T16:00:00,19.9,19.9,3.9,34.65,0,9.7,,0,0,27.6,23.4,311.5,1016.3,61.9,24.1,773.7,2.8,8,10,Partially cloudy,partly-cloudy-day,
Berlin,2025-06-02T17:00:00,20.3,20.3,3.3,32.53,0,9.7,,0,0,26.3,23.8,308.7,1016,88.8,24.1,727,2.6,7,10,Partially cloudy,partly-cloudy-day,
Berlin,2025-06-02T18:00:00,19.5,19.5,3.8,35.5,0,9.7,,0,0,26.5,22.3,308.3,1016.3,60.9,24.1,593,2.1,6,10,Partially cloudy,partly-cloudy-day,
Berlin,2025-06-02T19:00:00,18.7,18.7,4.4,38.75,0,9.7,,0,0,26.8,20.9,308,1016.7,32.9,24.1,459,1.7,5,10,Partially cloudy,partly-cloudy-day,
Berlin,2025-06-02T20:00:00,18,18,5,42.3,0,9.7,,0,0,27,19.4,307.6,1017,5,24.1,325,1.2,3,10,Clear,clear-day,
Berlin,2025-06-02T21:00:00,16.6,16.6,5.4,47.63,0,6.5,,0,0,29.9,18.4,302.9,1017.3,4.9,24.1,216.7,0.8,2,10,Clear,clear-day,
Berlin,2025-06-02T22:00:00,15.2,15.2,5.8,53.67,0,6.5,,0,0,32.8,17.3,298.2,1017.7,4.7,24.1,108.3,0.4,0,10,Clear,clear-night,
Berlin,2025-06-02T23:00:00,13.8,13.8,6.3,60.54,0,6.5,,0,0,35.6,16.2,293.5,1018,4.6,24.1,0,0,0,10,Clear,clear-night,
Berlin,2025-06-03T00:00:00,12.9,12.9,6.5,65.1,0,6.5,,0,0,36.5,16.6,290.6,1018.3,6.3,24.1,0,0,0,10,Clear,clear-night,
Berlin,2025-06-03T01:00:00,12,12,6.7,70.02,0,6.5,,0,0,37.3,16.9,287.8,1018.7,8.1,24.1,0,0,0,10,Clear,clear-night,
Berlin,2025-06-03T02:00:00,11.2,11.2,7,75.34,0,6.5,,0,0,38.2,17.3,284.9,1019,9.8,24.1,0,0,0,10,Clear,clear-night,
Berlin,2025-06-03T03:00:00,10.5,10.5,7,79.12,0,9.7,,0,0,37.6,16.9,285.1,1019,11.9,24.1,0,0,0,10,Clear,clear-night,
Berlin,2025-06-03T04:00:00,9.8,7.5,7.1,83.1,0,9.7,,0,0,37,16.6,285.3,1019,14,24.1,0,0,0,10,Clear,clear-night,
Berlin,2025-06-03T05:00:00,9.2,6.7,7.2,87.3,0,9.7,,0,0,36.4,16.2,285.5,1019,16.1,24.1,0,0,0,10,Clear,clear-day,
Berlin,2025-06-03T06:00:00,9.5,7.1,7.2,85.57,0,9.7,,0,0,34.3,16.8,288,1019.3,44.1,24.1,24.7,0.2,0,10,Partially cloudy,partly-cloudy-day,
Berlin,2025-06-03T07:00:00,9.9,7.5,7.3,83.87,0,9.7,,0,0,32.3,17.4,290.4,1019.7,72,24.1,49.3,0.3,0,10,Partially cloudy,partly-cloudy-day,
Berlin,2025-06-03T08:00:00,10.3,10.3,7.4,82.21,0,9.7,,0,0,30.2,18,292.9,1020,100,24.1,74,0.3,1,10,Overcast,cloudy,
Berlin,2025-06-03T09:00:00,11.2,11.2,7.6,78.5,0,16.1,,0,0,28.7,17.8,292,1020,100,24.1,89.3,0.3,1,10,Overcast,cloudy,
Berlin,2025-06-03T10:00:00,12.1,12.1,7.8,74.99,0,16.1,,0,0,27.1,17.5,291.1,1020,100,24.1,104.7,0.4,1,10,Overcast,cloudy,
Berlin,2025-06-03T11:00:00,13.1,13.1,8.1,71.67,0,16.1,,0,0,25.6,17.3,290.2,1020,100,24.1,120,0.4,1,10,Overcast,cloudy,
Berlin,2025-06-03T12:00:00,13.4,13.4,8.3,71.1,0,16.1,,0,0,24.7,16.7,288.9,1020,100,24.1,124.3,0.4,1,10,Overcast,cloudy,
Berlin,2025-06-03T13:00:00,13.9,13.9,8.6,70.54,0,16.1,,0,0,23.9,16.1,287.7,1020,100,24.1,128.7,0.5,1,10,Overcast,cloudy,
Berlin,2025-06-03T14:00:00,14.3,14.3,8.9,69.98,0.1,16.1,rain,0,0,23,15.5,286.4,1020,100,24.1,133,0.5,1,10,Overcast,cloudy,
Berlin,2025-06-03T15:00:00,14.5,14.5,9,69.56,0,29,,0,0,23.5,15.5,288.9,1020,100,24.1,138.3,0.5,1,10,Overcast,cloudy,
Berlin,2025-06-03T16:00:00,14.7,14.7,9.1,69.14,0,29,,0,0,24,15.5,291.4,1020,100,24.1,143.7,0.5,1,10,Overcast,cloudy,
Berlin,2025-06-03T17:00:00,15,15,9.3,68.72,0.1,29,rain,0,0,24.5,15.5,293.9,1020,100,24.1,149,0.5,1,10,Overcast,cloudy,
Berlin,2025-06-03T18:00:00,15,15,9.2,68.11,0,29,,0,0,23.8,13.6,294.2,1020,100,24.1,135.7,0.5,1,10,Overcast,cloudy,
Berlin,2025-06-03T19:00:00,15,15,9.1,67.51,0,29,,0,0,23,11.6,294.5,1020,100,24.1,122.3,0.4,1,10,Overcast,cloudy,
Berlin,2025-06-03T20:00:00,15.1,15.1,9,66.91,0,29,,0,0,22.3,9.7,294.8,1020,100,24.1,109,0.4,1,10,Overcast,cloudy,
Berlin,2025-06-03T21:00:00,14.6,14.6,9,68.96,0,9.7,,0,0,22,9.1,283.8,1020.3,100,24.1,72.7,0.3,1,10,Overcast,cloudy,
Berlin,2025-06-03T22:00:00,14.2,14.2,9,71.08,0,9.7,,0,0,21.6,8.5,272.9,1020.7,100,24.1,36.3,0.1,0,10,Overcast,cloudy,
Berlin,2025-06-03T23:00:00,13.8,13.8,9.1,73.27,0,9.7,,0,0,21.2,7.9,261.9,1021,100,24.1,0,0,0,10,Overcast,cloudy,
Berlin,2025-06-04T00:00:00,13.4,13.4,8.9,74.21,0,9.7,,0,0,23.9,9.5,267.7,1021,99,24.1,0,0,0,10,Overcast,cloudy,
Berlin,2025-06-04T01:00:00,13.2,13.2,8.9,75.17,0,9.7,,0,0,26.5,11,273.4,1021,98,24.1,0,0,0,10,Overcast,cloudy,
Berlin,2025-06-04T02:00:00,12.9,12.9,8.8,76.14,0,9.7,,0,0,29.2,12.6,279.2,1021,97,24.1,0,0,0,10,Overcast,cloudy,
Berlin,2025-06-04T03:00:00,12.6,12.6,8.8,78,0,9.7,,0,0,29,13.2,277.2,1021,98,24.1,0,0,0,10,Overcast,cloudy,
Berlin,2025-06-04T04:00:00,12.3,12.3,8.9,79.91,0,9.7,,0,0,28.9,13.8,275.2,1021,99,24.1,0,0,0,10,Overcast,cloudy,
Berlin,2025-06-04T05:00:00,12,12,9,81.87,0.1,9.7,rain,0,0,28.8,14.4,273.2,1021,100,24.1,0,0,0,10,Overcast,cloudy,
Berlin,2025-06-04T06:00:00,11.9,11.9,8.8,81.31,0,9.7,,0,0,25.8,14.5,276.1,1021,92.9,24.1,44,0.2,0,10,Overcast,cloudy,
Berlin,2025-06-04T07:00:00,11.8,11.8,8.6,80.76,0,9.7,,0,0,22.8,14.6,279.1,1021,85.8,24.1,88,0.3,1,10,Partially cloudy,partly-cloudy-day,
Berlin,2025-06-04T08:00:00,11.8,11.8,8.5,80.2,0,9.7,,0,0,19.8,14.8,282,1021,78.7,24.1,132,0.5,1,10,Partially cloudy,partly-cloudy-day,
Berlin,2025-06-04T09:00:00,12.4,12.4,8.3,76.4,0,6.5,,0,0,19.4,14.6,284.5,1021.3,85.8,24.1,201,0.7,2,10,Partially cloudy,partly-cloudy-day,
Berlin,2025-06-04T10:00:00,12.9,12.9,8.2,72.8,0,6.5,,0,0,19.1,14.5,287.1,1021.7,92.9,24.1,270,1,3,10,Overcast,cloudy,
Berlin,2025-06-04T11:00:00,13.6,13.6,8.1,69.37,0,6.5,,0,0,18.7,14.4,289.6,1022,100,24.1,339,1.2,3,10,Overcast,cloudy,
Berlin,2025-06-04T12:00:00,15.7,15.7,7.6,58.57,0,6.5,,0,0,18.7,14,294.3,1021.3,100,24.1,475,1.7,5,10,Overcast,cloudy,
Berlin,2025-06-04T13:00:00,17.9,17.9,7.2,49.56,0,6.5,,0,0,18.7,13.7,298.9,1020.7,100,24.1,611,2.2,6,10,Overcast,cloudy,
Berlin,2025-06-04T14:00:00,20.1,20.1,6.8,42.02,0,6.5,,0,0,18.7,13.3,303.6,1020,100,24.1,747,2.7,7,10,Overcast,cloudy,
Berlin,2025-06-04T15:00:00,20.7,20.7,6.7,40.4,0,16.1,,0,0,19.6,14.4,306.2,1020,100,24.1,728,2.6,7,10,Overcast,cloudy,
Berlin,2025-06-04T16:00:00,21.3,21.3,6.7,38.85,0,16.1,,0,0,20.4,15.5,308.8,1020,100,24.1,709,2.6,7,10,Overcast,cloudy,
Berlin,2025-06-04T17:00:00,21.9,21.9,6.7,37.37,0,16.1,,0,0,21.2,16.6,311.4,1020,100,24.1,690,2.5,7,10,Overcast,cloudy,
Berlin,2025-06-04T18:00:00,21.1,21.1,6.9,39.97,0,16.1,,0,0,21.8,15.8,315.3,1020,98,24.1,560.7,2,6,10,Overcast,cloudy,
Berlin,2025-06-04T19:00:00,20.3,20.3,7.2,42.76,0,16.1,,0,0,22.4,15.1,319.2,1020,96.1,24.1,431.3,1.6,4,10,Overcast,cloudy,
Berlin,2025-06-04T20:00:00,19.5,19.5,7.5,45.76,0,16.1,,0,0,23,14.4,323.1,1020,94.1,24.1,302,1.1,3,10,Overcast,cloudy,
Berlin,2025-06-04T21:00:00,18,18,7.7,51.06,0,19.4,,0,0,24.2,12.7,322.4,1020.7,95.8,24.1,201.3,0.7,2,10,Overcast,cloudy,
Berlin,2025-06-04T22:00:00,16.5,16.5,7.9,57.05,0,19.4,,0,0,25.4,11,321.6,1021.3,97.6,24.1,100.7,0.4,0,10,Overcast,cloudy,
Berlin,2025-06-04T23:00:00,15,15,8.2,63.8,0,19.4,,0,0,26.6,9.4,320.9,1022,99.3,24.1,0,0,0,10,Overcast,cloudy,
Berlin,2025-06-05T00:00:00,14.3,14.3,8.1,66.59,0,19.4,,0,0,27.8,10.1,313.2,1022,90.4,24.1,0,0,0,10,Overcast,cloudy,
Berlin,2025-06-05T01:00:00,13.6,13.6,8.1,69.53,0,19.4,,0,0,29,10.8,305.4,1022,81.5,24.1,0,0,0,10,Partially cloudy,partly-cloudy-night,
Berlin,2025-06-05T02:00:00,12.9,12.9,8.1,72.61,0,19.4,,0,0,30.2,11.5,297.7,1022,72.6,24.1,0,0,0,10,Partially cloudy,partly-cloudy-night,
Berlin,2025-06-05T03:00:00,12.2,12.2,7.9,75,0,9.7,,0,0,28.9,11.4,294.7,1022.3,67.3,24.1,0,0,0,10,Partially cloudy,partly-cloudy-night,
Berlin,2025-06-05T04:00:00,11.5,11.5,7.7,77.49,0,9.7,,0,0,27.6,11.3,291.6,1022.7,62.1,24.1,0,0,0,10,Partially cloudy,partly-cloudy-night,
Berlin,2025-06-05T05:00:00,10.9,10.9,7.6,80.08,0,9.7,,0,0,26.3,11.2,288.6,1023,56.8,24.1,0,0,0,10,Partially cloudy,partly-cloudy-day,
Berlin,2025-06-05T06:00:00,11.9,11.9,7.6,75.12,0,9.7,,0,0,24.5,12,287.1,1023,55.2,24.1,55.7,0.3,1,10,Partially cloudy,partly-cloudy-day,
Berlin,2025-06-05T07:00:00,12.9,12.9,7.6,70.5,0,9.7,,0,0,22.7,12.8,285.7,1023,53.7,24.1,111.3,0.5,1,10,Partially cloudy,partly-cloudy-day,
Berlin,2025-06-05T08:00:00,13.9,13.9,7.7,66.21,0,9.7,,0,0,20.9,13.7,284.2,1023,52.1,24.1,167,0.6,2,10,Partially cloudy,partly-cloudy-day,
Berlin,2025-06-05T09:00:00,15.7,15.7,7.2,57.11,0,22.6,,0,0,21.6,14.9,286.2,1023,36.4,24.1,313.3,1.1,3,10,Partially cloudy,partly-cloudy-day,
Berlin,2025-06-05T10:00:00,17.5,17.5,6.8,49.35,0,22.6,,0,0,22.3,16.1,288.1,1023,20.7,24.1,459.7,1.7,5,10,Partially cloudy,partly-cloudy-day,
Berlin,2025-06-05T11:00:00,19.4,19.4,6.4,42.7,0,22.6,,0,0,23,17.3,290.1,1023,5,24.1,606,2.2,6,10,Clear,clear-day,
Berlin,2025-06-05T12:00:00,20.8,20.8,6.8,40.43,0,22.6,,0,0,23.2,17.4,293.9,1022.7,3.3,24.1,688,2.5,7,10,Clear,clear-day,
Berlin,2025-06-05T13:00:00,22.2,22.2,7.3,38.32,0,22.6,,0,0,23.3,17.5,297.6,1022.3,1.7,24.1,770,2.8,8,10,Clear,clear-day,
Berlin,2025-06-05T14:00:00,23.6,23.6,7.8,36.34,0,22.6,,0,0,23.4,17.6,301.4,1022,0,24.1,852,3.1,9,10,Clear,clear-day,
Berlin,2025-06-05T15:00:00,23.9,23.9,7.8,35.78,0,19.4,,0,0,22.8,17.6,304.5,1022,0,24.1,814,3,8,10,Clear,clear-day,
Berlin,2025-06-05T16:00:00,24.2,24.2,7.9,35.23,0,19.4,,0,0,22.2,17.6,307.5,1022,0,24.1,776,2.8,8,10,Clear,clear-day,
Berlin,2025-06-05T17:00:00,24.6,24.6,8,34.69,0,19.4,,0,0,21.6,17.6,310.6,1022,0,24.1,738,2.7,7,10,Clear,clear-day,
Berlin,2025-06-05T18:00:00,23.9,23.9,8.4,37.26,0,19.4,,0,0,21,15.5,310.8,1022,0,24.1,605,2.2,6,10,Clear,clear-day,
Berlin,2025-06-05T19:00:00,23.2,23.2,8.8,40.02,0,19.4,,0,0,20.4,13.3,310.9,1022,0,24.1,472,1.7,5,10,Clear,clear-day,
Berlin,2025-06-05T20:00:00,22.5,22.5,9.3,42.99,0,19.4,,0,0,19.8,11.2,311.1,1022,0,24.1,339,1.2,3,10,Clear,clear-day,
Berlin,2025-06-05T21:00:00,20.9,20.9,9.6,48.48,0,6.5,,0,0,16.4,9.5,324.3,1022,0,24.1,226,0.8,2,10,Clear,clear-day,
Berlin,2025-06-05T22:00:00,19.3,19.3,9.9,54.74,0,6.5,,0,0,13.1,7.8,337.4,1022,0,24.1,113,0.4,0,10,Clear,clear-night,
Berlin,2025-06-05T23:00:00,17.7,17.7,10.3,61.87,0,6.5,,0,0,9.7,6.1,350.6,1022,0,24.1,0,0,0,10,Clear,clear-night,
